,fold,ckpt,Test set UC(v2)_[Adapt Set],Test set UC(v2)_[Test Set],Test set MIDRC (v2)_[Adapt Set],Test set MIDRC (v2)_[Test Set],Test set COHEN+ACTMED_[Adapt Set],Test set COHEN+ACTMED_[Test Set]
Tent-Fixed (Supervisied),adapt_test_adapt_test_sup_fixed,best,0.608576382806284,0.5,0.7948262530956196,0.5,0.9430555555555555,0.4816020447530865
Tent-Fixed (Unsupervisied),adapt_test_adapt_test_unsup_fixed,best,0.5124362397525511,0.4997980169741367,0.5942539136476204,0.5951382429954019,0.5944251543209877,0.5944251543209877
Tent-Adapt (Supervisied),adapt_test_adapt_test_sup_adapt,best,0.6129984241946238,0.5667030824311319,0.7608379370753444,0.7596249024156105,0.9640873015873016,0.7330488040123456
Tent-Adapt (Unsupervisied),adapt_test_adapt_test_unsup_adapt,best,0.5187413951566466,0.49143982701934186,0.5896016128972013,0.5883423540529737,0.6824404761904762,0.5882040895061729
Tent-None (Supervisied),adapt_test_adapt_test_sup_none,best,0.5890519398538069,0.5031100974497201,0.8056352416917865,0.518270225648726,0.6833333333333333,0.5771363811728395
Tent-None (Unsupervisied),adapt_test_adapt_test_unsup_none,best,0.6295006060356021,0.5004077473252216,0.8225654329011605,0.5168171987583904,0.581030574845679,0.581030574845679
Tent-Sup Unsup Combined,adapt_test_{dataset}_adapt_combined,best,0.7163039652504134,0.6241240837501663,0.8147885640433742,0.8097674036389172,0.9388888888888889,0.7321445794753088
